<?xml version="1.0" encoding="UTF-8"?>
<GovTalkMessage xmlns="http://www.govtalk.gov.uk/CM/envelope">
	<EnvelopeVersion>2.0</EnvelopeVersion>
	<Header>
		<MessageDetails>
			<Class>IR-PAYE-EXB</Class>
			<Qualifier>request</Qualifier>
			<Function>submit</Function>
			<CorrelationID/>
			<Transformation>XML</Transformation>
			<GatewayTest>1</GatewayTest>
			<GatewayTimestamp/>
		</MessageDetails>
		<SenderDetails>
			<IDAuthentication>
				<SenderID>ISV635</SenderID>
				<Authentication>
					<Method>clear</Method>
					<Role>principal</Role>
					<Value>testing1</Value>
				</Authentication>
			</IDAuthentication>
		</SenderDetails>
	</Header>
	<GovTalkDetails>
		<Keys>
			<Key Type="TaxOfficeNumber">635</Key>
			<Key Type="TaxOfficeReference">A635</Key>
		</Keys>
		<TargetDetails>
			<Organisation>IR</Organisation>
		</TargetDetails>
		<ChannelRouting>
			<Channel>
				<URI>Your 4-digit vendor ID as supplied by SDST</URI>
				<Product>your product name</Product>
				<Version>version no. of product</Version>
			</Channel>
		</ChannelRouting>
	</GovTalkDetails>
	<Body>
		<IRenvelope xmlns="http://www.govtalk.gov.uk/taxation/EXB/19-20/1">
			<IRheader>
				<Keys>
					<Key Type="TaxOfficeNumber">635</Key>
					<Key Type="TaxOfficeReference">A635</Key>
				</Keys>
				<PeriodEnd>2020-04-05</PeriodEnd>
				<Principal>
					<Contact>
						<Name>
							<Ttl>Mr</Ttl>
							<Fore>Sds</Fore>
							<Sur>Team</Sur>
						</Name>
					</Contact>
				</Principal>
				<DefaultCurrency>GBP</DefaultCurrency>
				<Sender>Employer</Sender>
			</IRheader>
			<ExpensesAndBenefits>
				<Employer>
					<Name>SCRIBE AND CO</Name>
				</Employer>
				<Declarations>
					<P11Dincluded>are due</P11Dincluded>
				</Declarations>
				<P11Db>
					<Class1AcontributionsDue NICsRate="13.80">
						<TotalBenefit>25653.00</TotalBenefit>
						<NICpayable>3540.11</NICpayable>
					</Class1AcontributionsDue>
				</P11Db>
				<P11DrecordCount>1</P11DrecordCount>
				<P46CarRecordCount>0</P46CarRecordCount>
				<P11D>
					<Employee DirInd="yes">
						<Name>
							<Ttl>MR</Ttl>
							<Fore>TERENCE</Fore>
							<Sur>SMITH</Sur>
						</Name>
						<WksNo>1234-ABCD</WksNo>
						<NINO>RN000001A</NINO>
					</Employee>
					<Cars Type="F">
						<Car>
							<Make>Range Rover HSE</Make>
							<Registered>1996-11-08</Registered>
							<CC>4554</CC>
							<Fuel>D</Fuel>
							<NoAppCO2Fig>yes</NoAppCO2Fig>
							<List>33358.00</List>
							<Accs>212.00</Accs>
							<CapCont>0.00</CapCont>
							<PrivUsePmt>0.00</PrivUsePmt>
							<CashEquivOrRelevantAmt>12420.00</CashEquivOrRelevantAmt>
							<FuelCashEquivOrRelevantAmt>8917.00</FuelCashEquivOrRelevantAmt>
						</Car>
						<Car>
							<Make>AUDI</Make>
							<Registered>2018-10-01</Registered>
							<AvailFrom>2019-09-01</AvailFrom>
							<AvailTo>2020-04-05</AvailTo>
							<CC>1998</CC>
							<Fuel>F</Fuel>
							<CO2>50</CO2>
							<List>21200.00</List>
							<Accs>0.00</Accs>
							<CapCont>0.00</CapCont>
							<PrivUsePmt>0.00</PrivUsePmt>
							<CashEquivOrRelevantAmt>2020.00</CashEquivOrRelevantAmt>
							<FuelCashEquivOrRelevantAmt>2296.00</FuelCashEquivOrRelevantAmt>
						</Car>
						<TotalCarsOrRelevantAmt>14440.00</TotalCarsOrRelevantAmt>
						<TotalFuelOrRelevantAmt>11213.00</TotalFuelOrRelevantAmt>
					</Cars>
					<ExpPaid Type="N">
						<TravAndSub>
							<CostOrAmtForgone>75.00</CostOrAmtForgone>
							<MadeGood>0.00</MadeGood>
							<TaxablePmtOrRelevantAmt>75.00</TaxablePmtOrRelevantAmt>
						</TravAndSub>
						<HomeTel>
							<CostOrAmtForgone>350.00</CostOrAmtForgone>
							<MadeGood>0.00</MadeGood>
							<TaxablePmtOrRelevantAmt>350.00</TaxablePmtOrRelevantAmt>
						</HomeTel>
					</ExpPaid>
				</P11D>
			</ExpensesAndBenefits>
		</IRenvelope>
	</Body>
</GovTalkMessage>
