<?xml version="1.0" encoding="UTF-8"?>
<GovTalkMessage xmlns="http://www.govtalk.gov.uk/CM/envelope">
	<EnvelopeVersion>2.0</EnvelopeVersion>
	<Header>
		<MessageDetails>
			<Class>IR-PAYE-EXB</Class>
			<Qualifier>request</Qualifier>
			<Function>submit</Function>
			<CorrelationID/>
			<Transformation>XML</Transformation>
			<GatewayTest>1</GatewayTest>
			<GatewayTimestamp/>
		</MessageDetails>
		<SenderDetails>
			<IDAuthentication>
				<SenderID>ISV635</SenderID>
				<Authentication>
					<Method>clear</Method>
					<Role>principal</Role>
					<Value>testing1</Value>
				</Authentication>
			</IDAuthentication>
		</SenderDetails>
	</Header>
	<GovTalkDetails>
		<Keys>
			<Key Type="TaxOfficeNumber">635</Key>
			<Key Type="TaxOfficeReference">A635</Key>
		</Keys>
		<TargetDetails>
			<Organisation>IR</Organisation>
		</TargetDetails>
		<ChannelRouting>
			<Channel>
				<URI>Your 4-digit vendor ID as supplied by SDST</URI>
				<Product>your product name</Product>
				<Version>version no. of product</Version>
			</Channel>
			<Timestamp>2020-10-01T12:00:00</Timestamp>
		</ChannelRouting>
	</GovTalkDetails>
	<Body>
		<IRenvelope xmlns="http://www.govtalk.gov.uk/taxation/EXB/19-20/1">
			<IRheader>
				<Keys>
					<Key Type="TaxOfficeNumber">635</Key>
					<Key Type="TaxOfficeReference">A635</Key>
				</Keys>
				<PeriodEnd>2020-04-05</PeriodEnd>
				<Principal>
					<Contact>
						<Name>
							<Ttl>Mr</Ttl>
							<Fore>Sds</Fore>
							<Sur>Team</Sur>
						</Name>
					</Contact>
				</Principal>
				<DefaultCurrency>GBP</DefaultCurrency>
				<Sender>Employer</Sender>
			</IRheader>
			<ExpensesAndBenefits>
				<Employer>
					<Name>SCRIBE AND CO</Name>
				</Employer>
				<Declarations>
					<P11Dincluded>are not due</P11Dincluded>
					<P46CarDeclaration>yes</P46CarDeclaration>
				</Declarations>
				<P11DrecordCount>0</P11DrecordCount>
				<P46CarRecordCount>2</P46CarRecordCount>
				<P46Car>
					<EmployeeDetails>
						<Name>
							<Fore>Craig</Fore>
							<Sur>Sampson-Smythe</Sur>
						</Name>
						<NINO>RN000002B</NINO>
					</EmployeeDetails>
					<SubmissionReason>
						<ProvidedCar>yes</ProvidedCar>
						<Director>yes</Director>
					</SubmissionReason>
					<CarDetails>
						<MakeAndModel>Ford Fiesta</MakeAndModel>
						<EngineSize Category="2">1401</EngineSize>
						<DateFirstRegistered>2018-10-12</DateFirstRegistered>
						<FuelType>F</FuelType>
					</CarDetails>
					<CO2Emissions>
						<Emissions>50</Emissions>
						<ZeroEmissionMileage>129</ZeroEmissionMileage>
					</CO2Emissions>
					<MonetaryDetails>
						<CarPrice>7750.00</CarPrice>
						<AccessoriesPrice>240.00</AccessoriesPrice>
						<DateFirstAvailable>2020-08-01</DateFirstAvailable>
						<CapitalContributions>74.00</CapitalContributions>
						<PrivateUsePayment Interval="W">26.00</PrivateUsePayment>
					</MonetaryDetails>
					<Fuel>
						<PrivateUse>no</PrivateUse>
					</Fuel>
				</P46Car>
								<P46Car>
					<EmployeeDetails>
						<Name>
							<Fore>Peter</Fore>
							<Sur>Sampson-Smythe</Sur>
						</Name>
						<NINO>RN000003B</NINO>
					</EmployeeDetails>
					<SubmissionReason>
						<ProvidedCar>yes</ProvidedCar>
						<Director>yes</Director>
					</SubmissionReason>
					<CarDetails>
						<MakeAndModel>Ford Fiesta</MakeAndModel>
						<EngineSize Category="2">1601</EngineSize>
						<DateFirstRegistered>2020-04-12</DateFirstRegistered>
						<FuelType>F</FuelType>
					</CarDetails>
					<CO2Emissions>
						<Emissions>74</Emissions>
					</CO2Emissions>
					<MonetaryDetails>
						<CarPrice>17750.00</CarPrice>
						<AccessoriesPrice>240.00</AccessoriesPrice>
						<DateFirstAvailable>2020-08-01</DateFirstAvailable>
						<CapitalContributions>74.00</CapitalContributions>
						<PrivateUsePayment Interval="W">26.00</PrivateUsePayment>
					</MonetaryDetails>
					<Fuel>
						<PrivateUse>no</PrivateUse>
					</Fuel>
				</P46Car>
			</ExpensesAndBenefits>
		</IRenvelope>
	</Body>
</GovTalkMessage>
