<?xml version="1.0" encoding="UTF-8"?>
<GovTalkMessage xmlns="http://www.govtalk.gov.uk/CM/envelope"><EnvelopeVersion>2.0</EnvelopeVersion><Header><MessageDetails><Class>IR-PAYE-EXB</Class><Qualifier>request</Qualifier><Function>submit</Function><CorrelationID/><Transformation>XML</Transformation><GatewayTest>1</GatewayTest><GatewayTimestamp/></MessageDetails><SenderDetails><IDAuthentication><SenderID>isv234</SenderID><Authentication><Method>MD5</Method><Role>principal</Role><Value>a3MweCsv60kkAgzEpXeCqQ==</Value></Authentication></IDAuthentication></SenderDetails></Header><GovTalkDetails><Keys><Key Type="TaxOfficeNumber">999</Key><Key Type="TaxOfficeReference">A234</Key></Keys><TargetDetails><Organisation>IR</Organisation></TargetDetails><ChannelRouting><Channel><URI>0234</URI><Product>P11D</Product><Version>4.0.44</Version></Channel></ChannelRouting></GovTalkDetails><Body><IRenvelope xmlns="http://www.govtalk.gov.uk/taxation/EXB/16-17/2"><IRheader><Keys><Key Type="TaxOfficeNumber">999</Key><Key Type="TaxOfficeReference">A234</Key></Keys><PeriodEnd>2017-04-05</PeriodEnd><DefaultCurrency>GBP</DefaultCurrency><Sender>Agent</Sender></IRheader><ExpensesAndBenefits><Employer><Name>large company &amp; co</Name></Employer><Declarations><P11Dincluded>are not due</P11Dincluded></Declarations><P11Db><Class1AcontributionsDue NICsRate="13.80"><TotalBenefit>28520.00</TotalBenefit><NICpayable>3935.76</NICpayable></Class1AcontributionsDue>
				</P11Db><P11DrecordCount>0</P11DrecordCount><P46CarRecordCount>0</P46CarRecordCount></ExpensesAndBenefits></IRenvelope></Body></GovTalkMessage>

