<?xml version="1.0" encoding="UTF-8"?>
<GovTalkMessage xmlns="http://www.govtalk.gov.uk/CM/envelope"><EnvelopeVersion>2.0</EnvelopeVersion><Header><MessageDetails><Class>IR-PAYE-EXB</Class><Qualifier>request</Qualifier><Function>submit</Function><CorrelationID/><Transformation>XML</Transformation><GatewayTest>1</GatewayTest><GatewayTimestamp/></MessageDetails><SenderDetails><IDAuthentication><SenderID>isv234</SenderID><Authentication><Method>MD5</Method><Role>principal</Role><Value>a3MweCsv60kkAgzEpXeCqQ==</Value></Authentication></IDAuthentication></SenderDetails></Header><GovTalkDetails><Keys><Key Type="TaxOfficeNumber">999</Key><Key Type="TaxOfficeReference">A234</Key></Keys><TargetDetails><Organisation>IR</Organisation></TargetDetails><ChannelRouting><Channel><URI>0234</URI><Product>P11D</Product><Version>4.0.44</Version></Channel></ChannelRouting></GovTalkDetails><Body><IRenvelope xmlns="http://www.govtalk.gov.uk/taxation/EXB/16-17/2"><IRheader><Keys><Key Type="TaxOfficeNumber">999</Key><Key Type="TaxOfficeReference">A234</Key></Keys><PeriodEnd>2017-04-05</PeriodEnd><DefaultCurrency>GBP</DefaultCurrency><Sender>Agent</Sender></IRheader><ExpensesAndBenefits><Employer><Name>large company &amp; co</Name></Employer><Declarations><P11Dincluded>are due</P11Dincluded></Declarations><P11Db><Class1AcontributionsDue NICsRate="13.80"><TotalBenefit>28520.00</TotalBenefit><NICpayable>3935.76</NICpayable></Class1AcontributionsDue>
				</P11Db><P11DrecordCount>1</P11DrecordCount><P46CarRecordCount>0</P46CarRecordCount><P11D><Employee><Name><Ttl>Mr</Ttl><Fore>Archibald</Fore><Sur>Ballantine</Sur></Name><WksNo>123-XYZ</WksNo><NINO>KR679823A</NINO></Employee><Payments Type="B"><Payment><Desc>private education</Desc><CashEquiv>120.00</CashEquiv></Payment></Payments><MileageAllow Type="E"><TaxablePmt>743.00</TaxablePmt></MileageAllow><Cars Type="F"><Car><Make>freelander hse 46</Make><Registered>1996-11-08</Registered><CC>4554</CC><NoAppCO2Fig>yes</NoAppCO2Fig><List>33358.00</List><Accs>212.00</Accs><CapCont>3000.00</CapCont><PrivUsePmt>0.00</PrivUsePmt><CashEquiv>11310.00</CashEquiv><FuelCashEquiv>8214.00</FuelCashEquiv></Car><Car><Make>suzuki scross</Make><Registered>2014-03-01</Registered><AvailFrom>2016-09-01</AvailFrom><AvailTo>2017-04-05</AvailTo><Fuel>A</Fuel><CO2>127</CO2><List>16249.00</List><Accs>0.00</Accs><CapCont>0.00</CapCont><PrivUsePmt>0.00</PrivUsePmt><CashEquiv>2124.00</CashEquiv><FuelCashEquiv>2903.00</FuelCashEquiv></Car><TotalCars>13434.00</TotalCars><TotalFuel>11117.00</TotalFuel></Cars><Vans Type="G"><CashEquiv>3170.00</CashEquiv><FuelCashEquiv>598.00</FuelCashEquiv></Vans><Services Type="K"><Cost>201.00</Cost><MadeGood>0.00</MadeGood><CashEquiv>201.00</CashEquiv></Services><ExpPaid Type="N"><TravAndSub><Cost>97.00</Cost><MadeGood>0.00</MadeGood><TaxablePmt>97.00</TaxablePmt></TravAndSub><HomeTel><Cost>123.00</Cost><MadeGood>0.00</MadeGood><TaxablePmt>123.00</TaxablePmt></HomeTel></ExpPaid></P11D></ExpensesAndBenefits></IRenvelope></Body></GovTalkMessage>

