<?xml version="1.0"?>
<GovTalkMessage xmlns="http://www.govtalk.gov.uk/CM/envelope"><EnvelopeVersion>2.0</EnvelopeVersion><Header><MessageDetails><Class>IR-PAYE-EXB</Class><Qualifier>response</Qualifier><Function>delete</Function><TransactionID></TransactionID><CorrelationID>ED3B93C30A49463198EFF0E4652A0FB7</CorrelationID><ResponseEndPoint PollInterval="10">https://secure.dev.gateway.gov.uk/poll</ResponseEndPoint><GatewayTimestamp>2013-03-12T16:18:43.028</GatewayTimestamp></MessageDetails><SenderDetails/></Header><GovTalkDetails><Keys/></GovTalkDetails><Body></Body></GovTalkMessage>
