<?xml version="1.0" encoding="UTF-8"?>
<GovTalkMessage xmlns="http://www.govtalk.gov.uk/CM/envelope"><EnvelopeVersion>2.0</EnvelopeVersion><Header><MessageDetails><Class>IR-PAYE-EXB</Class><Qualifier>request</Qualifier><Function>submit</Function><CorrelationID/><Transformation>XML</Transformation><GatewayTest>1</GatewayTest><GatewayTimestamp/></MessageDetails><SenderDetails><IDAuthentication><SenderID>isv234</SenderID><Authentication><Method>MD5</Method><Role>principal</Role><Value>a3MweCsv60kkAgzEpXeCqQ==</Value></Authentication></IDAuthentication></SenderDetails></Header><GovTalkDetails><Keys><Key Type="TaxOfficeNumber">999</Key><Key Type="TaxOfficeReference">A234</Key></Keys><TargetDetails><Organisation>IR</Organisation></TargetDetails><ChannelRouting><Channel><URI>0234</URI><Product>P11D</Product><Version>4.0.10</Version></Channel></ChannelRouting></GovTalkDetails><Body><IRenvelope xmlns="http://www.govtalk.gov.uk/taxation/EXB/12-13/1"><IRheader><Keys><Key Type="TaxOfficeNumber">999</Key><Key Type="TaxOfficeReference">A234</Key></Keys><PeriodEnd>2013-04-05</PeriodEnd><DefaultCurrency>GBP</DefaultCurrency><Sender>Agent</Sender></IRheader><ExpensesAndBenefits><Employer><Name>large company &amp; co</Name></Employer><Declarations><P11Dincluded>are enclosed</P11Dincluded></Declarations><P11Db><Class1AcontributionsDue NICsRate="13.80"><TotalBenefit>112925.00</TotalBenefit><NICpayable>15583.65</NICpayable></Class1AcontributionsDue>
				</P11Db><P9DrecordCount>0</P9DrecordCount><P11DrecordCount>9</P11DrecordCount><P46CarRecordCount>0</P46CarRecordCount><P11D><Employee DirInd="yes"><Name><Ttl>Mr</Ttl><Fore>Archibald</Fore><Sur>Ballantine</Sur></Name><WksNo>123-XYZ</WksNo><NINO>KR679823A</NINO></Employee><Payments Type="B"><Payment><Desc>private education</Desc><CashEquiv>120.00</CashEquiv></Payment></Payments><MileageAllow Type="E"><TaxablePmt>743.00</TaxablePmt></MileageAllow><Cars Type="F"><Car><Make>freelander hse 46</Make><Registered>1996-11-08</Registered><CC>4554</CC><NoAppCO2Fig>yes</NoAppCO2Fig><List>33358.00</List><Accs>212.00</Accs><CapCont>3000.00</CapCont><PrivUsePmt>0.00</PrivUsePmt><CashEquiv>9782.00</CashEquiv><FuelCashEquiv>6464.00</FuelCashEquiv></Car><Car><Make>bmw</Make><Registered>2007-01-01</Registered><AvailFrom>2012-09-01</AvailFrom><AvailTo>2013-04-05</AvailTo><Fuel>A</Fuel><CO2>180</CO2><List>21200.00</List><Accs>0.00</Accs><CapCont>0.00</CapCont><PrivUsePmt>0.00</PrivUsePmt><CashEquiv>3403.00</CashEquiv><FuelCashEquiv>3242.00</FuelCashEquiv></Car><TotalCars>13185.00</TotalCars><TotalFuel>9706.00</TotalFuel></Cars><Vans Type="G"><CashEquiv>3000.00</CashEquiv><FuelCashEquiv>550.00</FuelCashEquiv></Vans><Services Type="K"><Cost>201.00</Cost><MadeGood>0.00</MadeGood><CashEquiv>201.00</CashEquiv></Services><ExpPaid Type="N"><TravAndSub><Cost>97.00</Cost><MadeGood>0.00</MadeGood><TaxablePmt>97.00</TaxablePmt></TravAndSub><HomeTel><Cost>123.00</Cost><MadeGood>0.00</MadeGood><TaxablePmt>123.00</TaxablePmt></HomeTel></ExpPaid></P11D><P11D><Employee><Name><Fore>Dominic</Fore><Sur>Trevelyan</Sur></Name><WksNo>987-G</WksNo><BirthDate>1980-05-11</BirthDate><Gender>male</Gender></Employee><Transferred Type="A"><Asset><Desc>cars</Desc><Cost>1728.00</Cost><MadeGood>0.00</MadeGood><CashEquiv>1728.00</CashEquiv></Asset></Transferred><Cars Type="F"><Car><Make>mini cooper sport 13</Make><Registered>2005-04-01</Registered><Fuel>A</Fuel><CO2>197</CO2><List>16675.00</List><Accs>0.00</Accs><CapCont>0.00</CapCont><PrivUsePmt>0.00</PrivUsePmt><FuelWithdrawn>2013-02-02</FuelWithdrawn><CashEquiv>5002.00</CashEquiv><FuelCashEquiv>5030.00</FuelCashEquiv></Car><TotalCars>5002.00</TotalCars><TotalFuel>5030.00</TotalFuel></Cars><Loans Type="H"><Loan><Joint>1</Joint><InitOS>11500.00</InitOS><FinalOS>16000.00</FinalOS><MaxOS>16000.00</MaxOS><IntPaid>0.00</IntPaid><Discharge>2013-02-28</Discharge><CashEquiv>458.00</CashEquiv></Loan></Loans><Other Type="M"><NonClass1A><Desc>nursery places</Desc><Cost>276.00</Cost><MadeGood>0.00</MadeGood><CashEquiv>276.00</CashEquiv></NonClass1A></Other><ExpPaid Type="N"><NonQualRel><Cost>523.00</Cost><MadeGood>0.00</MadeGood><TaxablePmt>523.00</TaxablePmt></NonQualRel></ExpPaid></P11D><P11D><Employee><Name><Ttl>Miss</Ttl><Fore>Jessica</Fore><Sur>Holroyd-Jacques</Sur></Name><WksNo>DEF/456</WksNo><BirthDate>1975-08-27</BirthDate><Gender>female</Gender></Employee><Transferred Type="A"><Asset><Desc>other</Desc><Other>computer</Other><Cost>1600.00</Cost><MadeGood>0.00</MadeGood><CashEquiv>1600.00</CashEquiv></Asset></Transferred><Payments Type="B"><Tax>175.00</Tax></Payments><Cars Type="F"><Car><Make>jaguar</Make><Registered>2002-02-23</Registered><Fuel>A</Fuel><CO2>157</CO2><List>28941.00</List><Accs>0.00</Accs><CapCont>0.00</CapCont><PrivUsePmt>0.00</PrivUsePmt><FuelWithdrawn Reinstated="yes">2013-02-02</FuelWithdrawn><CashEquiv>5808.00</CashEquiv><FuelCashEquiv>4054.00</FuelCashEquiv></Car><TotalCars>5808.00</TotalCars><TotalFuel>4054.00</TotalFuel></Cars><Medical Type="I"><Cost>620.00</Cost><MadeGood>220.00</MadeGood><CashEquiv>400.00</CashEquiv></Medical><Other Type="M"><Class1A><Desc>multiple</Desc><Cost>1100.00</Cost><MadeGood>0.00</MadeGood><CashEquiv>1100.00</CashEquiv></Class1A></Other><ExpPaid Type="N"><General><Cost>263.00</Cost><MadeGood>0.00</MadeGood><TaxablePmt>263.00</TaxablePmt></General></ExpPaid></P11D><P11D><Employee><Name><Ttl>Mrs</Ttl><Fore>Hermione</Fore><Sur>OHara</Sur></Name><WksNo>FG-135H</WksNo><NINO>LM203045D</NINO></Employee><LivingAccom Type="D"><CashEquiv>3335.00</CashEquiv></LivingAccom><Cars Type="F"><Car><Make>smart car</Make><Registered>2001-12-20</Registered><Fuel>E</Fuel><NoAppCO2Fig>yes</NoAppCO2Fig><List>12045.00</List><Accs>0.00</Accs><CapCont>500.00</CapCont><PrivUsePmt>0.00</PrivUsePmt><CashEquiv>0.00</CashEquiv></Car><TotalCars>0.00</TotalCars><TotalFuel>0.00</TotalFuel></Cars><Relocation Type="J"><Excess>812.00</Excess></Relocation><AssetsAvail Type="L"><Asset><Desc>other</Desc><Other>apartment</Other><AnnVal>350.00</AnnVal><MadeGood>350.00</MadeGood><CashEquiv>0.00</CashEquiv></Asset></AssetsAvail><ExpPaid Type="N"><Ent TradingOrgInd="yes"><Cost>805.00</Cost><MadeGood>0.00</MadeGood><TaxablePmt>805.00</TaxablePmt></Ent></ExpPaid></P11D><P11D><Employee><Name><Fore>Ernest</Fore><Sur>Willford</Sur></Name><WksNo>008</WksNo><NINO>PS559944 </NINO></Employee><Payments Type="B"><Payment><Desc>multiple</Desc><CashEquiv>1750.00</CashEquiv></Payment></Payments><MileageAllow Type="E"><TaxablePmt>470.00</TaxablePmt></MileageAllow><Cars Type="F"><Car><Make>honda civic</Make><Registered>2003-02-01</Registered><AvailFrom>2012-04-06</AvailFrom><AvailTo>2012-12-31</AvailTo><Fuel>A</Fuel><CO2>125</CO2><List>18000.00</List><Accs>0.00</Accs><CapCont>0.00</CapCont><PrivUsePmt>0.00</PrivUsePmt><CashEquiv>2130.00</CashEquiv><FuelCashEquiv>2390.00</FuelCashEquiv></Car><Car><Make>toyota corolla coupe</Make><Registered>2007-01-02</Registered><AvailFrom>2013-01-09</AvailFrom><CC>2200</CC><Fuel>A</Fuel><NoAppCO2Fig>yes</NoAppCO2Fig><List>10000.00</List><Accs>0.00</Accs><CapCont>0.00</CapCont><PrivUsePmt>0.00</PrivUsePmt><CashEquiv>834.00</CashEquiv><FuelCashEquiv>1685.00</FuelCashEquiv></Car><TotalCars>2964.00</TotalCars><TotalFuel>4075.00</TotalFuel></Cars><Vans Type="G"><CashEquiv>3000.00</CashEquiv><FuelCashEquiv>550.00</FuelCashEquiv></Vans><Services Type="K"><Cost>1270.00</Cost><MadeGood>200.00</MadeGood><CashEquiv>1070.00</CashEquiv></Services><ExpPaid Type="N"><TravAndSub><Cost>515.00</Cost><MadeGood>200.00</MadeGood><TaxablePmt>315.00</TaxablePmt></TravAndSub></ExpPaid></P11D><P11D><Employee><Name><Fore>Gethin</Fore><Fore>R</Fore><Sur>Welsh</Sur></Name><WksNo>T321Q</WksNo><BirthDate>1965-11-11</BirthDate><Gender>male</Gender></Employee><Cars Type="F"><Car><Make>toyota supra</Make><Registered>2004-04-26</Registered><AvailFrom>2012-07-22</AvailFrom><AvailTo>2013-03-22</AvailTo><Fuel>A</Fuel><CO2>170</CO2><List>19969.00</List><Accs>520.00</Accs><CapCont>0.00</CapCont><PrivUsePmt>0.00</PrivUsePmt><FuelWithdrawn Reinstated="yes">2012-11-01</FuelWithdrawn><CashEquiv>3424.00</CashEquiv><FuelCashEquiv>3375.00</FuelCashEquiv></Car><TotalCars>3424.00</TotalCars><TotalFuel>3375.00</TotalFuel></Cars><Medical Type="I"><Cost>421.00</Cost><MadeGood>0.00</MadeGood><CashEquiv>421.00</CashEquiv></Medical><Other Type="M"><Class1A><Desc>subscriptions and fees</Desc><Cost>342.00</Cost><MadeGood>0.00</MadeGood><CashEquiv>342.00</CashEquiv></Class1A><NonClass1A><Desc>educational assistance</Desc><Cost>3210.00</Cost><MadeGood>0.00</MadeGood><CashEquiv>3210.00</CashEquiv></NonClass1A></Other></P11D><P11D><Employee DirInd="yes"><Name><Fore>Angelina</Fore><Fore>E</Fore><Sur>Bean</Sur></Name><WksNo>987ZXY</WksNo><NINO>TP369852A</NINO></Employee><VouchersOrCCs Type="C"><Gross>4000.00</Gross><MadeGood>1000.00</MadeGood><CashEquiv>3000.00</CashEquiv></VouchersOrCCs><Cars Type="F"><Car><Make>vauxhall vectra 20 cd</Make><Registered>1999-09-01</Registered><Fuel>A</Fuel><CO2>204</CO2><List>18195.00</List><Accs>0.00</Accs><CapCont>0.00</CapCont><PrivUsePmt>0.00</PrivUsePmt><CashEquiv>5640.00</CashEquiv><FuelCashEquiv>6262.00</FuelCashEquiv></Car><TotalCars>5640.00</TotalCars><TotalFuel>6262.00</TotalFuel></Cars><Loans Type="H"><Loan><Joint>1</Joint><InitOS>22600.00</InitOS><FinalOS>22600.00</FinalOS><MaxOS>22600.00</MaxOS><IntPaid>0.00</IntPaid><Discharge>2012-07-31</Discharge><CashEquiv>226.00</CashEquiv></Loan></Loans><Medical Type="I"><Cost>1349.00</Cost><MadeGood>0.00</MadeGood><CashEquiv>1349.00</CashEquiv></Medical><ExpPaid Type="N"><TravAndSub><Cost>180.00</Cost><MadeGood>75.00</MadeGood><TaxablePmt>105.00</TaxablePmt></TravAndSub><Ent TradingOrgInd="yes"><Cost>427.00</Cost><MadeGood>0.00</MadeGood><TaxablePmt>427.00</TaxablePmt></Ent><General><Cost>83.00</Cost><MadeGood>0.00</MadeGood><TaxablePmt>83.00</TaxablePmt></General><Other><Desc>other</Desc><Cost>237.00</Cost><MadeGood>30.00</MadeGood><TaxablePmt>207.00</TaxablePmt></Other></ExpPaid></P11D><P11D><Employee><Name><Fore>Lindsay-Anne</Fore><Sur>Holdsworth</Sur></Name><WksNo>Y-5234</WksNo><NINO>NB768696A</NINO></Employee><VouchersOrCCs Type="C"><Gross>127.00</Gross><MadeGood>70.00</MadeGood><CashEquiv>57.00</CashEquiv></VouchersOrCCs><LivingAccom Type="D"><CashEquiv>2743.00</CashEquiv></LivingAccom><Cars Type="F"><Car><Make>vauxhall astra</Make><Registered>2004-09-01</Registered><Fuel>D</Fuel><CO2>132</CO2><List>15245.00</List><Accs>0.00</Accs><CapCont>2245.00</CapCont><PrivUsePmt>0.00</PrivUsePmt><FuelWithdrawn Reinstated="yes">2012-12-31</FuelWithdrawn><CashEquiv>2279.00</CashEquiv><FuelCashEquiv>3541.00</FuelCashEquiv></Car><TotalCars>2279.00</TotalCars><TotalFuel>3541.00</TotalFuel></Cars><AssetsAvail Type="L"><Asset><Desc>other</Desc><Other>penthouse apartment</Other><AnnVal>2196.00</AnnVal><MadeGood>0.00</MadeGood><CashEquiv>2196.00</CashEquiv></Asset></AssetsAvail></P11D><P11D><Employee><Name><Ttl>Mr</Ttl><Fore>John</Fore><Sur>Hutchinson</Sur></Name><WksNo>LL123</WksNo><NINO>YH145986B</NINO></Employee><LivingAccom Type="D"><CashEquiv>2743.00</CashEquiv></LivingAccom><Cars Type="F"><Car><Make>peugeot v6 hdi</Make><Registered>2007-10-01</Registered><Fuel>A</Fuel><CO2>158</CO2><List>17295.00</List><Accs>0.00</Accs><CapCont>0.00</CapCont><PrivUsePmt>500.00</PrivUsePmt><CashEquiv>3304.00</CashEquiv><FuelCashEquiv>4444.00</FuelCashEquiv></Car><TotalCars>3304.00</TotalCars><TotalFuel>4444.00</TotalFuel></Cars><Relocation Type="J"><Excess>812.00</Excess></Relocation><AssetsAvail Type="L"><Asset><Desc>other</Desc><Other>apartment</Other><AnnVal>2196.00</AnnVal><MadeGood>0.00</MadeGood><CashEquiv>2196.00</CashEquiv></Asset></AssetsAvail><ExpPaid Type="N"><Ent TradingOrgInd="yes"><Cost>805.00</Cost><MadeGood>0.00</MadeGood><TaxablePmt>805.00</TaxablePmt></Ent></ExpPaid></P11D></ExpensesAndBenefits></IRenvelope></Body></GovTalkMessage>

