<?xml version="1.0"?>
<GovTalkMessage xmlns="http://www.govtalk.gov.uk/CM/envelope"><EnvelopeVersion>2.0</EnvelopeVersion><Header><MessageDetails><Class>IR-PAYE-EXB</Class><Qualifier>response</Qualifier><Function>delete</Function><TransactionID></TransactionID><CorrelationID>8BBF7CB6383F4DBA931EF912AC94A2EA</CorrelationID><ResponseEndPoint PollInterval="10">https://secure.dev.gateway.gov.uk/poll</ResponseEndPoint><GatewayTimestamp>2013-03-12T15:47:55.044</GatewayTimestamp></MessageDetails><SenderDetails/></Header><GovTalkDetails><Keys/></GovTalkDetails><Body></Body></GovTalkMessage>
