<?xml version="1.0"?>
<GovTalkMessage xmlns="http://www.govtalk.gov.uk/CM/envelope"><EnvelopeVersion>2.0</EnvelopeVersion><Header><MessageDetails><Class>IR-PAYE-EXB</Class><Qualifier>response</Qualifier><Function>delete</Function><TransactionID></TransactionID><CorrelationID>10BD6B8BFBC64C1EA906F1F586BE51B7</CorrelationID><ResponseEndPoint PollInterval="10">https://secure.dev.gateway.gov.uk/poll</ResponseEndPoint><GatewayTimestamp>2013-03-12T15:52:09.504</GatewayTimestamp></MessageDetails><SenderDetails/></Header><GovTalkDetails><Keys/></GovTalkDetails><Body></Body></GovTalkMessage>
